,created_at,id,text,truncated,in_reply_to_status_id,in_reply_to_user_id,in_reply_to_screen_name,is_quote_status,retweet_count,favorite_count,hashtags,user_mentions
0,Fri Oct 22 05:19:24 +0000 2021,1451417887151779842,"India has administered 1 billion vaccine doses, a testament to India‚Äôs innovation, ability to manufacture at scale,‚Ä¶ https://t.co/3iWbAa2Q7r",True,N/A,N/A,N/A,False,3038,16787,N/A,N/A
1,Thu Oct 21 19:28:27 +0000 2021,1451269167231897600,The world is so close to ending polio thanks to heroes like Shumaila Rehmani: https://t.co/PubfuEMuIv #WorldPolioDay https://t.co/R6bFsfgUHr,False,N/A,N/A,N/A,False,233,1830,['WorldPolioDay'],N/A
2,Wed Oct 20 04:05:14 +0000 2021,1450674444993585165,Our funding is only part of the solution. More donors will need to step up to make sure molnupiravir is available t‚Ä¶ https://t.co/nP43y0a7kd,True,1.4506744438401516e+18,50393960.0,BillGates,False,69,1080,N/A,N/A
3,Wed Oct 20 04:05:14 +0000 2021,1450674443840151556,Everyone deserves equitable access to healthcare. That‚Äôs why we engaged partners like @MedsForAll and @OfficialUoM‚Ä¶ https://t.co/AZ6YInaZjZ,True,1.4506744426825236e+18,50393960.0,BillGates,False,85,1144,N/A,"['MedsforAll', 'OfficialUoM']"
4,Wed Oct 20 04:05:14 +0000 2021,1450674442682523655,"We‚Äôve done this before. In 2017, the @gatesfoundation worked with partners and generic suppliers to bring improved‚Ä¶ https://t.co/DltDcrT8Se",True,1.4506744411558461e+18,50393960.0,BillGates,False,19,237,N/A,['gatesfoundation']
5,Wed Oct 20 04:05:13 +0000 2021,1450674441155846149,"If we‚Äôre going to end the acute phase of the pandemic, life-saving drugs like molnupiravir must be available to eve‚Ä¶ https://t.co/TKO0RPlLdf",True,N/A,N/A,N/A,True,287,2829,N/A,N/A
6,Tue Oct 19 20:00:32 +0000 2021,1450552465267441667,"By investing in direct air capture, clean hydrogen, long-duration energy storage, and sustainable aviation fuel, we‚Ä¶ https://t.co/0R9pGNHXyt",True,1.450552463942062e+18,50393960.0,BillGates,False,143,1420,N/A,N/A
7,Tue Oct 19 20:00:32 +0000 2021,1450552463942062080,Earlier today I attended the #GlobalInvestmentSummit where we announced @Breakthrough Energy Catalyst‚Äôs latest part‚Ä¶ https://t.co/HV0rtdEO5B,True,N/A,N/A,N/A,False,224,1983,['GlobalInvestmentSummit'],['Breakthrough']
8,Tue Oct 19 17:50:18 +0000 2021,1450519692058062854,"RT @Breakthrough: Today, we‚Äôre excited to announce a new partnership between the UK Government and BE Catalyst. Our collaboration with @UKi‚Ä¶",False,N/A,N/A,N/A,False,58,0,N/A,['Breakthrough']
9,Tue Oct 19 14:30:09 +0000 2021,1450469322883805258,I‚Äôm grateful to have joined @BorisJohnson today to highlight the important work that @Breakthrough Energy Catalyst‚Ä¶ https://t.co/Utfnx5oDxW,True,N/A,N/A,N/A,True,297,2807,N/A,"['BorisJohnson', 'Breakthrough']"
10,Mon Oct 18 17:07:30 +0000 2021,1450146533073059845,"Jenn and Nayel, it‚Äôs impossible to put into words how happy it makes me to see you filled with joy on your wedding‚Ä¶ https://t.co/W5i8ZDqvN1",True,N/A,N/A,N/A,False,311,5557,N/A,N/A
11,Fri Oct 15 17:56:47 +0000 2021,1449071773274624004,"Reaching net zero will take bold action and creativity, and the first cohort of @Breakthrough Energy Fellows makes‚Ä¶ https://t.co/4W4YvjpaFl",True,N/A,N/A,N/A,False,230,1513,N/A,['Breakthrough']
12,Wed Oct 13 17:07:19 +0000 2021,1448334548152897536,I wrote about two ways to achieve vaccine equity in the future. If the world makes the right investments and decisi‚Ä¶ https://t.co/AsJWmmPvn8,True,1.448334546445869e+18,50393960.0,BillGates,False,194,1420,N/A,N/A
13,Wed Oct 13 17:07:19 +0000 2021,1448334546445869058,"Still, the disparities in access to the COVID-19 vaccine are shocking and unjust. Only 2 percent of people in low-i‚Ä¶ https://t.co/jWDdjLtZq7",True,1.448334544721961e+18,50393960.0,BillGates,False,146,1376,N/A,N/A
14,Wed Oct 13 17:07:18 +0000 2021,1448334544721960960,"Inequity in health is not new. Each year, more than 5 million children‚Äîalmost entirely in low- and middle-income co‚Ä¶ https://t.co/wBZIPYPLkj",True,N/A,N/A,N/A,False,311,2846,N/A,N/A
15,Tue Oct 12 16:58:40 +0000 2021,1447969981967204353,The pandemic has worsened inequities. But it's also shown the world what's possible when we come together. Read why‚Ä¶ https://t.co/ZqAd8gUjMD,True,N/A,N/A,N/A,False,188,1607,N/A,N/A
16,Fri Oct 08 19:17:18 +0000 2021,1446555319769780225,"RT @rajpanjabi: If COVID-19 reminds us we live in an age of pandemics, then heeding the lessons from fighting malaria, a pandemic of the ag‚Ä¶",False,N/A,N/A,N/A,False,219,0,N/A,['rajpanjabi']
17,Thu Oct 07 14:13:53 +0000 2021,1446116573823967245,This work has been critical to our understanding of the causes and impacts of climate change. Congratulations on th‚Ä¶ https://t.co/7H3TY23X7Z,True,N/A,N/A,N/A,False,317,3026,N/A,N/A
18,Thu Oct 07 00:03:58 +0000 2021,1445902684440068097,What a fantastic leader Dr. Collins has been. The U.S. is lucky to have amazing scientists and public health profes‚Ä¶ https://t.co/KxWfWonuLW,True,N/A,N/A,N/A,True,152,1832,N/A,N/A
19,Tue Oct 05 19:05:36 +0000 2021,1445465212774064135,"Thanks, as always, @zannymb for the thoughtful conversation. I look forward to continuing to talk with business lea‚Ä¶ https://t.co/GQWuCBl9OQ",True,N/A,N/A,N/A,True,211,1432,N/A,['zannymb']
20,Tue Oct 05 14:16:56 +0000 2021,1445392566363566090,Stephanie and Victoria had no plans to go to college until they met Valerie from @AdvisingCorps. This organization‚Ä¶ https://t.co/JMfNZw9tyW,True,N/A,N/A,N/A,False,232,2222,N/A,['AdvisingCorps']
21,Sat Oct 02 18:03:07 +0000 2021,1444362321309024256,"No one person can solve climate change on their own. However, if we make breakthroughs in zero-carbon innovations,‚Ä¶ https://t.co/UI1zrim1Px",True,N/A,N/A,N/A,True,511,3920,N/A,N/A
22,Fri Oct 01 17:33:41 +0000 2021,1443992530324844545,"Happy Birthday, President Carter. You set a great example for all of us, and I am always inspired by your amazing w‚Ä¶ https://t.co/1hMZMjRyfr",True,N/A,N/A,N/A,False,322,4307,N/A,N/A
23,Thu Sep 30 16:46:28 +0000 2021,1443618257395589146,The College @AdvisingCorps is helping students navigate the challenges of continuing their education after high sch‚Ä¶ https://t.co/tucP9oJzXt,True,N/A,N/A,N/A,False,177,1690,N/A,['AdvisingCorps']
24,Wed Sep 29 22:18:24 +0000 2021,1443339404022468611,Girin Beeharry was an extraordinary leader and good friend. I‚Äôm saddened by his death and inspired by his work to i‚Ä¶ https://t.co/YbrnVvVvTC,True,N/A,N/A,N/A,True,163,1662,N/A,N/A
25,Wed Sep 29 16:38:18 +0000 2021,1443253813071077376,I‚Äôm excited about the launch of @CipherClimate by Breakthrough Energy. The first issue includes an important discus‚Ä¶ https://t.co/Zgjek0hNKd,True,N/A,N/A,N/A,True,164,1427,N/A,['CipherClimate']
26,Tue Sep 28 23:57:27 +0000 2021,1443001944658755597,"Congratulations @trvrb on this well-deserved recognition. Like you, I‚Äôm optimistic that we will be able to bring th‚Ä¶ https://t.co/6rPkgv3Yd6",True,N/A,N/A,N/A,True,167,1514,N/A,['trvrb']
27,Tue Sep 28 22:02:35 +0000 2021,1442973036081139714,Congratulations @narendramodi on the national launch of Ayushman Bharat Digital Mission. This digital health infras‚Ä¶ https://t.co/0uNuV9mpVz,True,N/A,N/A,N/A,False,6866,33827,N/A,['narendramodi']
28,Mon Sep 27 15:52:45 +0000 2021,1442517577394098177,What if your smart phone could detect Alzheimer‚Äôs? @TheADDF's Diagnostics Accelerator is working to make this a rea‚Ä¶ https://t.co/y9OkCRa4F0,True,N/A,N/A,N/A,False,342,2425,N/A,['TheADDF']
29,Fri Sep 24 21:42:33 +0000 2021,1441518443895820293,India is a great example of a country that has invested in its capacity. Today 2/3rds of all the world's children r‚Ä¶ https://t.co/wKqfH1mXnF,True,1.441518440305488e+18,50393960.0,BillGates,False,353,2169,N/A,N/A
30,Fri Sep 24 21:42:32 +0000 2021,1441518440305487878,"Expanding the geography of vaccine manufacturing to better meet vaccine needs, both for pandemics and routine immun‚Ä¶ https://t.co/EvlJoHHMLp",True,N/A,N/A,N/A,False,374,2759,N/A,N/A
31,Fri Sep 24 00:04:06 +0000 2021,1441191677465481222,"Thanks for having me on the show, @JKCorden! And thanks to the all of the late night hosts for focusing on this cri‚Ä¶ https://t.co/H6Ijhi8uRt",True,N/A,N/A,N/A,True,243,2084,N/A,['JKCorden']
32,Thu Sep 23 23:14:59 +0000 2021,1441179318374191106,"In our recent Goalkeepers report, we share some of the lessons that we‚Äôve learned from the world‚Äôs response to the‚Ä¶ https://t.co/FMZvTxQoyn",True,1.4411761981391708e+18,50393960.0,BillGates,False,70,759,N/A,N/A
33,Thu Sep 23 23:02:36 +0000 2021,1441176198139170827,Thanks for the conversation and for your leadership in helping to end this pandemic and prevent the next one. https://t.co/eVypFhDTE5,False,N/A,N/A,N/A,True,150,1361,N/A,N/A
34,Thu Sep 23 17:07:44 +0000 2021,1441086893806944270,More than 80% of COVID-19 vaccines have been administered in high- and upper-middle-income countries while less tha‚Ä¶ https://t.co/W6VBWQ9t5Z,True,N/A,N/A,N/A,False,428,2134,N/A,N/A
35,Thu Sep 23 03:05:12 +0000 2021,1440874865095942152,A global response will help the world end the COVID crisis. I'm glad to see so many leaders coming together at this‚Ä¶ https://t.co/6jtyK12ntE,True,N/A,N/A,N/A,True,261,1845,N/A,N/A
36,Wed Sep 22 16:58:35 +0000 2021,1440722206351233024,Earlier I shared three actions that leaders could take to help the world out of the pandemic. For those who want to‚Ä¶ https://t.co/oMAalDtYDW,True,1.4404406047442493e+18,50393960.0,BillGates,False,119,1181,N/A,N/A
37,Wed Sep 22 02:49:49 +0000 2021,1440508603849273353,"If we want to stop Alzheimer‚Äôs disease, one of the biggest things we need to develop is a reliable, affordable, and‚Ä¶ https://t.co/SieWoqWi7o",True,N/A,N/A,N/A,False,335,2324,N/A,N/A
38,Tue Sep 21 22:19:36 +0000 2021,1440440604744249348,There are three things that can be done in the coming months to bring an end to the acute phase of the pandemic and‚Ä¶ https://t.co/NhKVQgfppW,True,N/A,N/A,N/A,False,326,2492,N/A,N/A
39,Mon Sep 20 23:25:36 +0000 2021,1440094823856291845,#WorldAlzheimersDay is an inspiring reminder that hope is on the horizon. Brilliant scientists all over the world a‚Ä¶ https://t.co/191vKiMUbI,True,N/A,N/A,N/A,False,502,2730,['WorldAlzheimersDay'],N/A
40,Mon Sep 20 15:01:40 +0000 2021,1439968005467742210,Avoiding a climate disaster will require a new industrial revolution. I'm excited to see @Breakthrough Energy Catal‚Ä¶ https://t.co/tu8eTmxmmk,True,N/A,N/A,N/A,True,210,1801,N/A,['Breakthrough']
41,Mon Sep 20 02:08:13 +0000 2021,1439773362364944392,"As we‚Äôve seen this past year, new variants of a disease can emerge over time. In order to develop new tools to figh‚Ä¶ https://t.co/y7wkkHcgVB",True,N/A,N/A,N/A,False,488,3245,N/A,N/A
42,Fri Sep 17 17:17:35 +0000 2021,1438915048571686914,But the fact that we can point to positive signs amid a once-in-a-generation global pandemic is extraordinary. With‚Ä¶ https://t.co/dmgqDmeDUB,True,1.4389150466130125e+18,50393960.0,BillGates,False,88,814,N/A,N/A
43,Fri Sep 17 17:17:35 +0000 2021,1438915046613012485,"Of course, the full extent of the pandemic‚Äôs impact on the SDGs will take years to fully understand, as more and be‚Ä¶ https://t.co/eAysd8Dm8k",True,1.4389150452037263e+18,50393960.0,BillGates,False,69,795,N/A,N/A
44,Fri Sep 17 17:17:35 +0000 2021,1438915045203726336,Initial projections about the pandemic‚Äôs impact on the fight against malaria were dire. But that projection spurred‚Ä¶ https://t.co/JutFgzcMkm,True,1.4389150412778578e+18,50393960.0,BillGates,False,25,244,N/A,N/A
45,Fri Sep 17 17:17:34 +0000 2021,1438915041277857793,"When the pandemic hit, many feared the worst when it came to maintaining progress on fighting other diseases. But a‚Ä¶ https://t.co/ittgjo7ASt",True,N/A,N/A,N/A,False,229,1877,N/A,N/A
46,Wed Sep 15 19:02:48 +0000 2021,1438216750697365506,"Where you live shouldn‚Äôt determine whether or not you have access to a Covid-19 vaccine, health supplies, or a diag‚Ä¶ https://t.co/V9dP2Fqykk",True,N/A,N/A,N/A,False,378,2679,N/A,N/A
47,Tue Sep 14 16:36:47 +0000 2021,1437817616530227202,"Even amid the devastation of the COVID-19 pandemic, we‚Äôve seen that progress can continue thanks to work started ye‚Ä¶ https://t.co/SLeAdTkiqA",True,N/A,N/A,N/A,False,185,1485,N/A,N/A
48,Mon Sep 13 14:45:18 +0000 2021,1437427173174898691,This news is not surprising to many of us who work in global health. But there are things the world can do to help‚Ä¶ https://t.co/N9rLUTTfaH,True,N/A,N/A,N/A,False,196,1885,N/A,N/A
49,Sat Sep 11 16:42:18 +0000 2021,1436731841893920776,I‚Äôm thinking today about the frontline heroes who risked their lives for us on September 11th and those who continu‚Ä¶ https://t.co/nT8BEPoH56,True,N/A,N/A,N/A,False,462,7397,N/A,N/A
50,Fri Sep 10 18:02:52 +0000 2021,1436389727536562183,"RT @gatesfoundation: The 2021 Goalkeepers Report is out next week!

In 2015, 193 world leaders agreed to 17 Global Goals to end poverty, fi‚Ä¶",False,N/A,N/A,N/A,False,175,0,N/A,['gatesfoundation']
51,Thu Sep 09 16:37:54 +0000 2021,1436005956907720704,"‚ÄúHow do we use technology and innovation to solve today‚Äôs problems?‚Äù That‚Äôs the question David Sengeh, Sierra Leone‚Ä¶ https://t.co/q66Mh11aRv",True,N/A,N/A,N/A,False,248,1770,N/A,N/A
52,Wed Sep 08 17:06:36 +0000 2021,1435650793080717315,The world needs many breakthroughs to get from 51 billion tons of greenhouse gases to zero in order to avoid a clim‚Ä¶ https://t.co/GG8B48kXYb,True,N/A,N/A,N/A,True,360,2794,N/A,N/A
53,Tue Sep 07 21:33:44 +0000 2021,1435355631767080961,I found the book to be valuable on a number of levels and will have more to say about it soon! https://t.co/Ur2aE81FyV,False,N/A,N/A,N/A,True,197,2590,N/A,N/A
54,Tue Sep 07 17:23:39 +0000 2021,1435292695652536324,"The first time I met David Sengeh, I was blown away by his intellect, his ambition, and his sense of humor. He has‚Ä¶ https://t.co/ImJvFM42qP",True,N/A,N/A,N/A,False,292,2053,N/A,N/A
55,Fri Sep 03 20:55:48 +0000 2021,1433896533758410752,Africa's success against wild polio last year is one of the most inspiring stories in global health. I‚Äôm optimistic‚Ä¶ https://t.co/9lyMDA3T3F,True,N/A,N/A,N/A,False,322,3017,N/A,N/A
56,Wed Sep 01 17:01:58 +0000 2021,1433112909911969793,None of us would be where we are today without the incredible teachers who helped shape our perspectives. Brooke Br‚Ä¶ https://t.co/FBdNByJagk,True,N/A,N/A,N/A,False,247,2603,N/A,N/A
57,Tue Aug 31 20:57:07 +0000 2021,1432809700618211329,.@GAP_Foundation‚Äôs Bio-Hermes Study is the first to compare results of blood and digital biomarker tests with imagi‚Ä¶ https://t.co/jIs1BBcNi1,True,N/A,N/A,N/A,True,177,1326,N/A,['GAP_Foundation']
58,Tue Aug 31 16:45:34 +0000 2021,1432746395669200896,"I recently sat down with the extraordinary Brooke Brown, Washington State‚Äôs 2021 Teacher of the Year. It was a plea‚Ä¶ https://t.co/dSO6p1U5Cv",True,N/A,N/A,N/A,False,221,2066,N/A,N/A
59,Mon Aug 30 15:32:12 +0000 2021,1432365544074723329,"Happy Birthday, Warren! You‚Äôve been a true friend and an invaluable source of advice over the years, and I‚Äôm so luc‚Ä¶ https://t.co/953FOLQQLq",True,N/A,N/A,N/A,False,761,8591,N/A,N/A
60,Sat Aug 28 17:44:52 +0000 2021,1431674157306056707,Investments in malaria programs help build stronger health systems that will not only bring an end to malaria but a‚Ä¶ https://t.co/1tyyE65J1Q,True,N/A,N/A,N/A,False,330,2489,N/A,N/A
61,Fri Aug 27 22:55:40 +0000 2021,1431389983164616705,"Congratulations, India, on reaching this tremendous milestone. The collective efforts of the government, R&amp;D commun‚Ä¶ https://t.co/HDSULnBlri",True,N/A,N/A,N/A,False,2140,11885,N/A,N/A
62,Thu Aug 26 15:55:02 +0000 2021,1430921737307267079,The COVID-19 pandemic reminds us why eradicating malaria is essential. Many of the building blocks we need to fight‚Ä¶ https://t.co/5T6InlLqzp,True,N/A,N/A,N/A,False,266,2038,N/A,N/A
63,Wed Aug 25 18:13:06 +0000 2021,1430594098696650753,"Mosquitoes are the deadliest animal to humans, but @WMPglobal scientists have discovered how to transform one kind‚Ä¶ https://t.co/KEa52foSsj",True,N/A,N/A,N/A,False,532,2920,N/A,['WMPglobal']
64,Tue Aug 24 23:38:11 +0000 2021,1430313520881541123,"I don‚Äôt think any of @ronnychieng‚Äôs innovations are ready to bring to market. Luckily, brilliant scientists and eng‚Ä¶ https://t.co/lW99iRGrwz",True,N/A,N/A,N/A,True,380,2874,N/A,['ronnychieng']
65,Sat Aug 14 16:59:40 +0000 2021,1426589349240401927,I applaud David V√©lez and Mariel Reyes‚Äôs pledge to dedicate the majority of their wealth to creating opportunity fo‚Ä¶ https://t.co/F6SNqPvklw,True,N/A,N/A,N/A,False,370,2794,N/A,N/A
66,Fri Aug 13 21:32:01 +0000 2021,1426295503050870784,"Thank you to @DonorsChoose, and to all 40,255 of you who donated in support of students and teachers across the cou‚Ä¶ https://t.co/S4pAlRHJMK",True,N/A,N/A,N/A,True,186,1543,N/A,['DonorsChoose']
67,Fri Aug 13 18:50:20 +0000 2021,1426254813876998145,"This collaboration‚Äôs impact is made possible through investments in the bipartisan infrastructure bill, which will‚Ä¶ https://t.co/T6wB0gqJoR",True,1.4262548121532047e+18,50393960.0,BillGates,False,118,1261,N/A,N/A
68,Fri Aug 13 18:50:20 +0000 2021,1426254812153204737,"Avoiding a climate disaster will require a new, clean industrial revolution, and we don't have time to wait. Our wo‚Ä¶ https://t.co/qXjDC475Vp",True,1.4262548104796856e+18,50393960.0,BillGates,False,184,1728,N/A,N/A
69,Fri Aug 13 18:50:20 +0000 2021,1426254810479685634,I'm incredibly excited about the new collaboration between @Breakthrough Energy Catalyst and @ENERGY to accelerate‚Ä¶ https://t.co/G1uqzPvAeM,True,N/A,N/A,N/A,False,414,3199,N/A,"['Breakthrough', 'ENERGY']"
70,Thu Aug 12 14:35:49 +0000 2021,1425828373054386192,I‚Äôm partnering with @DonorsChoose to make sure that more teachers have access to everything they need to get ready‚Ä¶ https://t.co/MuZ0mwkHIp,True,N/A,N/A,N/A,True,372,2175,N/A,['DonorsChoose']
71,Mon Aug 09 22:58:31 +0000 2021,1424867719153733632,"I‚Äôm optimistic about the work that @Breakthrough is doing to invest in companies, support innovators, advocate for‚Ä¶ https://t.co/NoZTW8S5Wi",True,1.4248677183191163e+18,50393960.0,BillGates,False,120,1147,N/A,['Breakthrough']
72,Mon Aug 09 22:58:31 +0000 2021,1424867718319116289,Reaching zero will take a complete transformation of how we make and do everything ‚Äì from the technologies and prod‚Ä¶ https://t.co/vbhqpoeaZs,True,1.4248677174676972e+18,50393960.0,BillGates,False,156,1629,N/A,N/A
73,Mon Aug 09 22:58:31 +0000 2021,1424867717467697152,Every climate action we take must be toward the goal of reaching zero. That means rapidly deploying the technologie‚Ä¶ https://t.co/adtOwZYp0k,True,1.4248677166456259e+18,50393960.0,BillGates,False,35,422,N/A,N/A
74,Mon Aug 09 22:58:31 +0000 2021,1424867716645625863,"Avoiding a disaster will require courage, ambition, and partnership among leaders in every sector around the globe.‚Ä¶ https://t.co/2CuOGmD7Dz",True,1.4248677158150717e+18,50393960.0,BillGates,False,40,354,N/A,N/A
75,Mon Aug 09 22:58:30 +0000 2021,1424867715815071746,Today‚Äôs United Nations climate report is an urgent call to action for the world: we must reach net-zero emissions b‚Ä¶ https://t.co/mB7cw9BP4T,True,N/A,N/A,N/A,False,731,3667,N/A,N/A
76,Sun Aug 08 16:38:24 +0000 2021,1424409672308596736,Alzheimer‚Äôs and related dementias have impacted far too many families around the world‚Äîincluding my own. New fundin‚Ä¶ https://t.co/uon8Wn67f2,True,N/A,N/A,N/A,True,341,2685,N/A,N/A
77,Fri Aug 06 18:22:03 +0000 2021,1423710979913785344,"Today‚Äôs students have the power to create a better future for all people, and teachers are helping them build their‚Ä¶ https://t.co/lT6fqvNRY8",True,N/A,N/A,N/A,False,193,1909,N/A,N/A
78,Fri Aug 06 02:56:57 +0000 2021,1423478170393579522,I‚Äôm deeply saddened to hear of Tachi‚Äôs passing. I loved working with him and I learned a lot from him. His passion‚Ä¶ https://t.co/D6WeW84oml,True,N/A,N/A,N/A,True,284,3274,N/A,N/A
79,Thu Aug 05 19:49:45 +0000 2021,1423370661485973504,Vaclav Smil‚Äôs books are amazing. His latest will give you a framework to think about humanity:‚Ä¶ https://t.co/HhH0uocn0t,True,N/A,N/A,N/A,False,297,2156,N/A,N/A
80,Thu Aug 05 17:42:33 +0000 2021,1423338651061145600,I enjoyed joining educators from around the world at the @OERProject Conference for the Social Studies to discuss h‚Ä¶ https://t.co/oJqjc9EN36,True,N/A,N/A,N/A,False,158,1880,N/A,['OERProject']
81,Wed Aug 04 23:57:10 +0000 2021,1423070537966780417,It only took Senegal 15 years to cut childhood death in half. Community health workers and successful vaccination c‚Ä¶ https://t.co/FIuwIVGhgt,True,N/A,N/A,N/A,False,217,1715,N/A,N/A
82,Wed Aug 04 16:50:15 +0000 2021,1422963100144209921,"The French drank an impressive amount of wine in 1926, but their consumption is now a third of what it was back the‚Ä¶ https://t.co/8xFlElC5vG",True,1.4226204573841244e+18,50393960.0,BillGates,False,95,1035,N/A,N/A
83,Tue Aug 03 18:08:42 +0000 2021,1422620457384124421,My favorite author‚Äôs new book might be his best one yet. Each chapter covers one of 71 facts about the world that h‚Ä¶ https://t.co/wUVgaLDMGH,True,N/A,N/A,N/A,False,471,4305,N/A,N/A
84,Tue Aug 03 04:21:38 +0000 2021,1422412317359153155,Our foundation has been working to address this massive problem for 10 years‚Äîhere‚Äôs one of the incredible Reinvent‚Ä¶ https://t.co/6Luo3LscdZ,True,1.4220411116027658e+18,50393960.0,BillGates,False,181,1845,N/A,N/A
85,Mon Aug 02 15:40:27 +0000 2021,1422220758827159556,Ever heard a toilet be compared to an espresso machine? That‚Äôs how Dr. Shannon Yee describes the toilet he and his‚Ä¶ https://t.co/pJUCjdOIVr,True,N/A,N/A,N/A,False,203,1820,N/A,N/A
86,Mon Aug 02 03:46:35 +0000 2021,1422041111602765829,"How much of the world population still lacks access to a toilet that safely removes waste from the home?

Find the‚Ä¶ https://t.co/QHYxqjAd3B",True,N/A,N/A,N/A,False,370,3152,N/A,N/A
87,Fri Jul 30 22:53:07 +0000 2021,1421242478829576195,"RT @gatesfoundation: ‚ÄúWe are closer than ever to building a world where safe sanitation service is a basic human right enjoyed by everyone,‚Ä¶",False,N/A,N/A,N/A,False,159,0,N/A,['gatesfoundation']
88,Fri Jul 30 19:12:05 +0000 2021,1421186855857360896,This map from @OurWorldInData shows the progress we‚Äôve made‚Äìbut also highlights how much work we have left to do. https://t.co/KmmhFnvctZ,False,N/A,N/A,N/A,False,268,2012,N/A,['OurWorldInData']
89,Thu Jul 29 19:07:54 +0000 2021,1420823414613319682,The COVID pandemic is a powerful reminder of the urgent work needed to contain and treat deadly pathogens. I‚Äôm opti‚Ä¶ https://t.co/KgdFK5S9AR,True,N/A,N/A,N/A,False,400,2722,N/A,N/A
90,Wed Jul 28 22:05:07 +0000 2021,1420505627462307845,"You were a good sport, Jimmy. Pro tip...never choose glass ‚Äú#2‚Äù in a poop-water challenge: https://t.co/8shvjTNa4M https://t.co/onnWyhJpqm",False,N/A,N/A,N/A,True,165,1981,N/A,N/A
91,Wed Jul 28 19:58:18 +0000 2021,1420473713095368708,RT @AnitaZaidi: Broader geographic distribution of vaccine manufacturing capacity‚Äîand the infrastructure to support it‚Äîwill be critical to‚Ä¶,False,N/A,N/A,N/A,False,93,0,N/A,['AnitaZaidi']
92,Wed Jul 28 16:38:19 +0000 2021,1420423383213248516,"The Gates Foundation is providing additional, flexible funding to the @AfricaCDC for its pandemic response efforts,‚Ä¶ https://t.co/EaVFRdsCPd",True,N/A,N/A,N/A,True,196,1665,N/A,['AfricaCDC']
93,Tue Jul 27 23:30:43 +0000 2021,1420164781244227587,"Over the years, I‚Äôve shared a stage with a jar of human feces, smelled pit latrine odor, and drunk water made from‚Ä¶ https://t.co/WcKtCEfGBu",True,N/A,N/A,N/A,False,548,3891,N/A,N/A
94,Mon Jul 26 19:20:15 +0000 2021,1419739361348710401,RT @MSuzman: We take one step closer to a malaria-free world with this exciting new project that seeks to develop an mRNA-based malaria vac‚Ä¶,False,N/A,N/A,N/A,False,265,0,N/A,['MSuzman']
95,Mon Jul 26 18:35:56 +0000 2021,1419728206991544322,I‚Äôve been rewatching some of my favorite movies. Add your favorites to the list on @Likewise. https://t.co/bEgD4aMmSU,False,N/A,N/A,N/A,False,180,1594,N/A,['Likewise']
96,Sat Jul 24 00:05:51 +0000 2021,1418724069063618562,Getting an early start on my weekend reading: this article does a good job explaining immunity and what may happen‚Ä¶ https://t.co/JSUlW0e6Dl,True,N/A,N/A,N/A,False,520,2969,N/A,N/A
97,Thu Jul 22 17:45:49 +0000 2021,1418266043512877057,"During the height of the U.S. polio epidemic, the iron lung was one of the greatest tools used to fight polio. Toda‚Ä¶ https://t.co/hEfI8Y2xsh",True,N/A,N/A,N/A,False,245,2266,N/A,N/A
98,Wed Jul 21 17:53:10 +0000 2021,1417905505175969794,"RT @UN: Let us renew our determination to build a strong, sustainable and inclusive recovery from the pandemic, and to take decisive action‚Ä¶",False,N/A,N/A,N/A,False,197,0,N/A,['UN']
99,Tue Jul 20 21:56:16 +0000 2021,1417604296422694913,"Our foundation joined the polio fight almost 15 years ago. And in all that time, I cannot think of a more important‚Ä¶ https://t.co/8BrdAsmqoE",True,N/A,N/A,N/A,False,356,3724,N/A,N/A
100,Tue Jul 20 03:38:56 +0000 2021,1417328143103266816,I look forward to working with you and @EU_Commission on all of these important goals. Europe is a critical partner‚Ä¶ https://t.co/lQQ4AyDejz,True,N/A,N/A,N/A,True,290,2599,N/A,['EU_Commission']
101,Tue Jul 20 01:51:32 +0000 2021,1417301113703862288,"RT @EIB: How can we:
üí® Boost #greentech growth?
üîΩ Lower costs?
ü™ô Help commercialise #sustainable projects faster?

President Hoyer met with‚Ä¶",False,N/A,N/A,N/A,False,117,0,"['greentech', 'sustainable']",['EIB']
102,Mon Jul 19 16:35:07 +0000 2021,1417161086575337472,Reaching net-zero emissions by 2050 means transforming our entire physical economy and accelerating innovation at a‚Ä¶ https://t.co/SA8pmtoZOq,True,N/A,N/A,N/A,False,278,2147,N/A,N/A
103,Fri Jul 16 17:30:53 +0000 2021,1416087957203611648,"RT @gatesfoundation: Support for polio eradication will not only help wipe out a disease, it will prepare countries against future health t‚Ä¶",False,N/A,N/A,N/A,False,137,0,N/A,['gatesfoundation']
104,Thu Jul 15 19:19:42 +0000 2021,1415752955152666627,This is the greatest opportunity for innovation in human history: https://t.co/rBFo2LjpsH https://t.co/bj6rY3FszB,False,N/A,N/A,N/A,False,830,4711,N/A,N/A
105,Wed Jul 14 21:45:40 +0000 2021,1415427298954649602,"RT @Breakthrough: BE Catalyst is financing the foundation of a clean economy through four critical technologies. In these areas, Catalyst a‚Ä¶",False,N/A,N/A,N/A,False,109,0,N/A,['Breakthrough']
106,Wed Jul 14 17:21:50 +0000 2021,1415360904351293440,These students are doing inspiring work. Their ambition makes me optimistic about the future of health care (and th‚Ä¶ https://t.co/QEvQVXc2JL,True,N/A,N/A,N/A,True,236,2538,N/A,N/A
107,Tue Jul 13 19:10:47 +0000 2021,1415025933090656257,I‚Äôm excited about @Breakthrough Energy Catalyst and think it can help make clean-energy innovations more available‚Ä¶ https://t.co/f4cl26d0kK,True,N/A,N/A,N/A,False,287,2358,N/A,['Breakthrough']
108,Fri Jul 09 17:58:29 +0000 2021,1413558189128249344,COVID-19 has highlighted how digital tools can save lives. I‚Äôm encouraged by @ExemplarsHealth research highlighting‚Ä¶ https://t.co/gPYgYtQ4xu,True,N/A,N/A,N/A,False,250,1946,N/A,['exemplarshealth']
109,Wed Jul 07 15:44:37 +0000 2021,1412799723434504192,"This expanded commitment to the foundation will accelerate its mission to fight poverty, disease, and inequity arou‚Ä¶ https://t.co/HwRSnhsict",True,N/A,N/A,N/A,True,285,2546,N/A,N/A
110,Tue Jul 06 15:02:05 +0000 2021,1412426634741784577,"RT @USAID: With nearly six decades in the medical profession, Dr. Louisa Samonsia thought she had seen it all. Then, COVID-19 hit.

Learn h‚Ä¶",False,N/A,N/A,N/A,False,105,0,N/A,['USAID']
111,Thu Jul 01 21:23:58 +0000 2021,1410710798997987328,Stopping Alzheimer‚Äôs requires more eyes on the problem. ADDI @AlzData recently hosted their 1st Data Challenge. I w‚Ä¶ https://t.co/z4JUUBBnBK,True,N/A,N/A,N/A,False,331,2390,N/A,['AlzData']
112,Thu Jul 01 16:33:58 +0000 2021,1410637816720019457,It‚Äôs really encouraging to see these results. Dengue fever infects hundreds of millions of people a year and causes‚Ä¶ https://t.co/OryKpghkBi,True,N/A,N/A,N/A,False,487,3272,N/A,N/A
113,Wed Jun 30 15:57:38 +0000 2021,1410266283476602886,This important commitment builds on the @gatesfoundation's efforts to support partners working to create a more equ‚Ä¶ https://t.co/iHw99GujM0,True,N/A,N/A,N/A,True,240,1809,N/A,['gatesfoundation']
114,Wed Jun 23 16:14:07 +0000 2021,1407733718198808578,"I am truly grateful for his wisdom and leadership, and most of all for his enduring friendship. Warren will continu‚Ä¶ https://t.co/BoeNfPAl93",True,1.4077337166176297e+18,50393960.0,BillGates,False,325,3860,N/A,N/A
115,Wed Jun 23 16:14:07 +0000 2021,1407733716617629699,"I will always have a deep sense of accountability to Warren, paying close attention to the data to track our progre‚Ä¶ https://t.co/e796Xwpvt3",True,N/A,N/A,N/A,False,434,4777,N/A,N/A
116,Tue Jun 22 17:33:49 +0000 2021,1407391385670483972,"Should you pick your nose?

You can read an excerpt from Matt Richtel‚Äôs fascinating book about the immune system on‚Ä¶ https://t.co/dzchEKvAaN",True,N/A,N/A,N/A,False,274,2193,N/A,N/A
117,Thu Jun 17 16:33:37 +0000 2021,1405564300266139651,The journalist @ElizKolbert has created a fascinating beat for herself covering humanity‚Äôs impact on nature and our‚Ä¶ https://t.co/bGtGaFzDVI,True,N/A,N/A,N/A,False,260,2047,N/A,['ElizKolbert']
118,Wed Jun 16 20:53:42 +0000 2021,1405267364057206786,The persistence of countless Rotarians gives me hope that we can achieve a polio-free world. As they close the‚Ä¶ https://t.co/jQ3bliJhh0,True,N/A,N/A,N/A,False,257,2256,N/A,N/A
119,Wed Jun 16 16:31:45 +0000 2021,1405201441669619712,"I'm almost always interested in books about American presidents, and I especially loved A Promised Land. It‚Äôs a fas‚Ä¶ https://t.co/xBNAjfwt5A",True,N/A,N/A,N/A,False,339,3206,N/A,N/A
120,Tue Jun 15 16:42:17 +0000 2021,1404841704507674629,"This book gave me a deeper, more nuanced appreciation for the system that is at the core of humanity‚Äôs fight agains‚Ä¶ https://t.co/iEbMBqmtAj",True,N/A,N/A,N/A,False,266,2381,N/A,N/A
121,Mon Jun 14 19:02:14 +0000 2021,1404514533788377089,"If you‚Äôre looking for a good book to read this summer, these are some of my favorites. https://t.co/e19FKzFFL1",False,N/A,N/A,N/A,False,609,4414,N/A,N/A
122,Mon Jun 14 14:14:11 +0000 2021,1404442043099717636,The @G7‚Äôs commitment to share 870M COVID-19 vaccine doses over the next year is welcome news - but time is not on o‚Ä¶ https://t.co/mXU18QmnIQ,True,N/A,N/A,N/A,False,306,2379,N/A,['G7']
123,Mon Jun 14 02:35:56 +0000 2021,1404266323694080003,"RT @GlobalFund: In honor of 20 years of @GlobalFund impact, see how heroes from around the world came together, refused to accept the statu‚Ä¶",False,N/A,N/A,N/A,False,216,0,N/A,"['GlobalFund', 'GlobalFund']"
124,Fri Jun 11 15:21:00 +0000 2021,1403371695386230788,"RT @rajpanjabi: As a physician, I‚Äôve seen too many colleagues make the ultimate sacrifice on the frontlines. Over 115,000 health and care w‚Ä¶",False,N/A,N/A,N/A,False,541,0,N/A,['rajpanjabi']
125,Thu Jun 10 20:10:37 +0000 2021,1403082193216303108,"Polio tools and infrastructure are also critical to combatting other public health emergencies, like COVID-19. It i‚Ä¶ https://t.co/n05Msom8ov",True,N/A,N/A,N/A,False,266,2652,N/A,N/A
126,Wed Jun 09 21:37:44 +0000 2021,1402741727224426497,These young leaders make me optimistic that brighter days are ahead for America‚Äôs students and teachers. https://t.co/aiue8lKiZ6,False,N/A,N/A,N/A,False,224,2400,N/A,N/A
127,Mon Jun 07 16:31:43 +0000 2021,1401939942654169088,"Against the odds, @MohamedBailorB8 became a doctor and is helping his country recover from civil war, Ebola, and no‚Ä¶ https://t.co/JPOvyRhbQ2",True,N/A,N/A,N/A,False,252,2593,N/A,['MohamedBailorB8']
128,Fri Jun 04 17:41:13 +0000 2021,1400870268814258177,This is an important step in the U.S. clean energy transition. I‚Äôm excited to see @TerraPower working with‚Ä¶ https://t.co/XxmheB64vm,True,N/A,N/A,N/A,False,495,3861,N/A,['TerraPower']
129,Thu Jun 03 15:43:31 +0000 2021,1400478260966744067,Heroes like Dr. Mohamed Barrie are the reason we started our foundation more than 20 years ago and why Melinda and‚Ä¶ https://t.co/q9j7vzOd76,True,N/A,N/A,N/A,False,310,3181,N/A,N/A
130,Wed Jun 02 20:04:35 +0000 2021,1400181572796514306,RT @MSuzman: Promising news from the @Gavi #COVAX AMC Summit as they have exceeded today‚Äôs fundraising target. This means more people in lo‚Ä¶,False,N/A,N/A,N/A,False,137,0,['COVAX'],"['MSuzman', 'gavi']"
131,Wed Jun 02 16:26:18 +0000 2021,1400126638067576833,"This partnership between @Breakthrough Energy and the @EU_Commission will create jobs around the world, build susta‚Ä¶ https://t.co/lwHqGSgghC",True,N/A,N/A,N/A,False,376,2462,N/A,"['Breakthrough', 'EU_Commission']"
132,Tue Jun 01 23:00:08 +0000 2021,1399863361383276545,The pandemic has exacerbated existing racial health inequities in the United States. The Health Equity Tracker is a‚Ä¶ https://t.co/KIUqZ1siL9,True,N/A,N/A,N/A,False,277,2154,N/A,N/A
133,Sun May 30 00:35:35 +0000 2021,1398800221132312579,Avoiding a climate disaster is possible if governments act today. @IEA‚Äôs Net Zero by 2050 report provides a roadmap‚Ä¶ https://t.co/sghpGohQtZ,True,N/A,N/A,N/A,True,1022,6141,N/A,['IEA']
134,Sat May 29 16:11:40 +0000 2021,1398673403003822081,RT @GlobalFund: Stronger collaboration can help countries recover from the impact of #COVID19 and progress towards health-related @GlobalGo‚Ä¶,False,N/A,N/A,N/A,False,167,0,['COVID19'],['GlobalFund']
135,Thu May 06 23:45:58 +0000 2021,1390452813545697282,"RT @gatesfoundation: As our CEO @MSuzman says, no barriers should stand in the way of equitable access to vaccines. We are supportive of a‚Ä¶",False,N/A,N/A,N/A,False,512,0,N/A,"['gatesfoundation', 'MSuzman']"
136,Mon May 03 20:30:19 +0000 2021,1389316412259270657,https://t.co/padmHSgWGc,False,N/A,N/A,N/A,False,38468,214541,N/A,N/A
137,Fri Apr 23 18:35:24 +0000 2021,1385663612216176641,"RT @WHO: The¬†@ACTAccelerator, an unprecedented global alliance¬†to develop &amp; deliver the tests, treatments &amp; vaccines the üåê needs to fight #‚Ä¶",False,N/A,N/A,N/A,False,725,0,N/A,"['WHO', 'ACTAccelerator']"
138,Fri Apr 23 16:21:07 +0000 2021,1385629820780908544,I was honored to speak at today‚Äôs #LeadersClimateSummit about the three things we need to do to avoid a climate dis‚Ä¶ https://t.co/z34heWM1Sm,True,N/A,N/A,N/A,False,894,7704,['LeadersClimateSummit'],N/A
139,Thu Apr 22 21:26:06 +0000 2021,1385344183523635200,Ambitious short-term goals like this are critical to moving closer to a net-zero future. As we rapidly scale the so‚Ä¶ https://t.co/2zDmn2DC5m,True,N/A,N/A,N/A,False,622,6253,N/A,N/A
140,Thu Apr 22 14:54:02 +0000 2021,1385245518842896384,It‚Äôs encouraging to see @POTUS Biden and @ClimateEnvoy Kerry re-establish America‚Äôs leading role on climate change.‚Ä¶ https://t.co/Vz6NJrIjoB,True,N/A,N/A,N/A,True,355,3602,N/A,"['POTUS', 'ClimateEnvoy']"
141,Wed Apr 21 23:14:09 +0000 2021,1385008987838455808,Yesterday's verdict was a step in the right direction. But one court ruling alone will not bring to an end the inju‚Ä¶ https://t.co/bR7bI9LePW,True,N/A,N/A,N/A,False,683,7523,N/A,N/A
142,Mon Apr 12 17:45:05 +0000 2021,1381664682499481601,‚ÄúTime‚Äù is a poetic portrait of a family who love and support each other despite their difficult circumstances. I ca‚Ä¶ https://t.co/kxoBlnqd4G,True,1.381641702088188e+18,50393960.0,BillGates,False,262,2369,N/A,N/A
143,Mon Apr 12 16:13:46 +0000 2021,1381641702088187906,"If ‚ÄúTime‚Äù wins the Oscar this year, it will be the first documentary directed by a Black woman to do so. Garrett Br‚Ä¶ https://t.co/7S8IrCSYHf",True,N/A,N/A,N/A,False,563,5102,N/A,N/A
144,Sun Apr 11 23:32:36 +0000 2021,1381389752591548418,Communities of color have been hit hard by COVID-19. One of the reasons why parts of the medical system often fail‚Ä¶ https://t.co/ZS4f8DSRVU,True,N/A,N/A,N/A,False,458,3851,N/A,N/A
145,Sun Apr 11 03:40:22 +0000 2021,1381089716217413634,"RT @gavi: In February, Ghana became the first African country to receive vaccines through #COVAX. Meet one of the nurses spearheading the v‚Ä¶",False,N/A,N/A,N/A,False,180,0,['COVAX'],['gavi']
146,Fri Apr 09 19:10:28 +0000 2021,1380599008238792705,"To get to net-zero emissions globally by 2050, leaders from around the world must work together. It‚Äôs encouraging t‚Ä¶ https://t.co/tG6vGhmsef",True,N/A,N/A,N/A,False,470,3280,N/A,N/A
147,Thu Apr 08 18:49:51 +0000 2021,1380231432006631425,Dr. Stephaun Wallace (@imstephaunelite) has spent the last year helping make COVID-19 vaccines work for everybody.‚Ä¶ https://t.co/P8I3xo0ltT,True,N/A,N/A,N/A,False,295,2598,N/A,['imstephaunelite']
148,Tue Apr 06 15:42:53 +0000 2021,1379459602903785474,The amount of cement China has consumed is a staggering statistic and reminder of how much emissions have grown in‚Ä¶ https://t.co/EJirrEpJVT,True,N/A,N/A,N/A,True,595,4283,N/A,N/A
149,Mon Apr 05 15:25:24 +0000 2021,1379092816089862145,"Cement is responsible for 6% of carbon emissions globally. To get to net-zero by 2050, we need innovations to decar‚Ä¶ https://t.co/57WCJhcocZ",True,1.379091675759272e+18,50393960.0,BillGates,False,394,3290,N/A,N/A
150,Mon Apr 05 15:20:52 +0000 2021,1379091675759271939,"Who installed the most concrete?

Check your answer: https://t.co/wqmmPffvwB",False,N/A,N/A,N/A,False,463,3689,N/A,N/A
151,Fri Apr 02 17:03:10 +0000 2021,1378030258692055042,The best way to prevent new variants from emerging is by stopping transmission of the virus altogether:‚Ä¶ https://t.co/oPFMZwZxNb,True,N/A,N/A,N/A,False,1282,6189,N/A,N/A
152,Thu Apr 01 20:38:26 +0000 2021,1377722043584503808,It's encouraging to see innovation and clean energy investments at the forefront of @POTUS's #AmericanJobsPlan. Bui‚Ä¶ https://t.co/Ab1WOeg3Lx,True,N/A,N/A,N/A,False,551,4397,['AmericanJobsPlan'],['POTUS']
153,Wed Mar 31 18:47:05 +0000 2021,1377331633024425987,Here are five things you should know if you want to understand how variants are (and aren‚Äôt) complicating the pande‚Ä¶ https://t.co/CaeTwRzkHI,True,N/A,N/A,N/A,False,569,2908,N/A,N/A
154,Mon Mar 29 21:10:22 +0000 2021,1376642916328730626,"RT @IFPRI: üí° From #climateadaptation to #genderequality, discover @CGIAR‚Äôs 50 years of innovations that changed the world üåé üéâ: https://t.co‚Ä¶",False,N/A,N/A,N/A,False,103,0,"['climateadaptation', 'genderequality']","['IFPRI', 'CGIAR']"
155,Mon Mar 29 16:30:37 +0000 2021,1376572513195413505,"The technological transformation we need to address climate change can create good, safe jobs and build a more equi‚Ä¶ https://t.co/BqhcHMsYoh",True,N/A,N/A,N/A,False,699,4726,N/A,N/A
156,Fri Mar 26 18:50:20 +0000 2021,1375520512651063297,"I had a great time answering questions about my new book, climate change, and COVID-19 on @reddit last week. Here‚Äôs‚Ä¶ https://t.co/KcRQRCY5FF",True,N/A,N/A,N/A,False,418,3930,N/A,['Reddit']
157,Wed Mar 24 22:00:50 +0000 2021,1374843674622787588,"RT @WHO: It's #WorldTBDay

Even as we battle #COVID19, we must not ease up the fight against #Tuberculosis, which remains the üåéüåçüåè‚Äôs deadlie‚Ä¶",False,N/A,N/A,N/A,False,672,0,"['WorldTBDay', 'COVID19', 'Tuberculosis']",['WHO']
158,Fri Mar 19 18:14:28 +0000 2021,1372974769306443784,I‚Äôm answering your questions now on @reddit: https://t.co/HXMsI0lSK1 https://t.co/XG7eAMNrGM,False,N/A,N/A,N/A,False,582,7746,N/A,['Reddit']
159,Fri Mar 19 17:27:50 +0000 2021,1372963034205810695,"In this video, I answered some really good questions, including one about two really important numbers. Come ask me‚Ä¶ https://t.co/zbtBz4b3c2",True,N/A,N/A,N/A,False,353,2962,N/A,N/A
160,Fri Mar 19 15:02:23 +0000 2021,1372926429210451971,"After you finish your pancakes this morning, come ask me anything on @reddit at 11:15 Pacific Time:‚Ä¶ https://t.co/kUpwjX36oj",True,N/A,N/A,N/A,False,436,4532,N/A,['Reddit']
161,Thu Mar 18 20:26:15 +0000 2021,1372645545471143938,It‚Äôs deeply unfair that the people who contribute the least to climate change will suffer the worst from its effect‚Ä¶ https://t.co/RJpIBsoUqF,True,N/A,N/A,N/A,False,1007,5830,N/A,N/A
162,Thu Mar 18 16:17:40 +0000 2021,1372582987297038340,"RT @UNICEF: Over the past few weeks health workers in Ethiopia üá™üáπ, Nigeria üá≥üá¨, Sudan üá∏üá© and the Philippines üáµüá≠ were vaccinated against COVI‚Ä¶",False,N/A,N/A,N/A,False,217,0,N/A,['UNICEF']
163,Wed Mar 17 16:20:14 +0000 2021,1372221245303844865,"I named my book ‚ÄúHow to Avoid a Climate Disaster,‚Äù not ‚ÄúHow to Stop Climate Change,‚Äù because our climate is already‚Ä¶ https://t.co/3j20qfcxj0",True,N/A,N/A,N/A,False,852,5771,N/A,N/A
164,Thu Mar 11 23:46:36 +0000 2021,1370159252401053697,Congratulations @AndrewSteerWRI on this important role. I‚Äôm excited to see what you and the Earth Fund will achieve‚Ä¶ https://t.co/Tjg0vaCfKb,True,N/A,N/A,N/A,True,211,2052,N/A,N/A
165,Thu Mar 11 20:36:16 +0000 2021,1370111353059377152,Thank you @SalKhanAcademy for a great conversation about climate change and thanks to @BookPeople and‚Ä¶ https://t.co/yQoRj8r7Qm,True,N/A,N/A,N/A,False,263,3414,N/A,"['salkhanacademy', 'BookPeople']"
166,Wed Mar 10 18:52:27 +0000 2021,1369722836764426241,"For decades, Australian researcher Ruth Bishop led global efforts to identify and combat rotavirus. Her life is a r‚Ä¶ https://t.co/F5Xj6eHoBE",True,N/A,N/A,N/A,False,306,2541,N/A,N/A
167,Tue Mar 09 19:35:02 +0000 2021,1369371167140745217,"RT @GlobalFund: Speaking from villages, riverbanks and rural clinics, frontline health workers and malaria volunteers share stories of what‚Ä¶",False,N/A,N/A,N/A,False,140,0,N/A,['GlobalFund']
168,Mon Mar 08 19:55:45 +0000 2021,1369013992039968769,Virologist Ruth Bishop pioneered the research that led to the discovery of rotavirus. Her legacy continues both as‚Ä¶ https://t.co/oWeIbipMT5,True,N/A,N/A,N/A,False,381,2877,N/A,N/A
169,Mon Mar 08 17:06:26 +0000 2021,1368971383267422208,"RT @AnitaZaidi: On International Women‚Äôs Day, join me in celebrating some of the inspiring women who made #COVID19 vaccines possible. Know‚Ä¶",False,N/A,N/A,N/A,False,271,0,['COVID19'],['AnitaZaidi']
170,Fri Mar 05 20:48:16 +0000 2021,1367940046519640065,Thank you @BarackObama for the kind words. Your leadership at the 2015 Paris climate conference helped prove that g‚Ä¶ https://t.co/YuOxsJKs9g,True,N/A,N/A,N/A,True,546,5950,N/A,['BarackObama']
171,Fri Mar 05 20:43:38 +0000 2021,1367938880352100352,"@EDFaction @Breakthrough Thank you for your partnership, @EDFAction, and for sharing what all of us can do to avoid a climate disaster.",False,1.3639189838381138e+18,3472378697.0,EDFaction,False,3,19,N/A,"['EDFaction', 'Breakthrough', 'EDFaction']"
172,Fri Mar 05 16:41:58 +0000 2021,1367878060184281089,RT @wkamaubell: Black folks have questions about the COVID-19 vaccine. I sat down w/ Black healthcare workers &amp; they answered my questions.‚Ä¶,False,N/A,N/A,N/A,False,1236,0,N/A,['wkamaubell']
173,Thu Mar 04 16:58:50 +0000 2021,1367519920393654274,"Moving to a green economy is the biggest challenge the world has ever faced. I‚Äôm optimistic we can do it, but need‚Ä¶ https://t.co/VgiEwD5Cfm",True,N/A,N/A,N/A,False,481,3846,N/A,N/A
174,Thu Mar 04 00:44:16 +0000 2021,1367274659402584065,We can‚Äôt avoid a climate disaster without corporate leaders making courageous decisions now. I hope to work with‚Ä¶ https://t.co/SBb1srOKG6,True,N/A,N/A,N/A,True,316,3055,N/A,N/A
175,Mon Mar 01 22:01:47 +0000 2021,1366508993649123328,"Delivering vaccines to those who need them most, no matter where they live or how much money they have, is the only‚Ä¶ https://t.co/OlRkSvFNFs",True,N/A,N/A,N/A,True,604,5273,N/A,N/A
176,Sun Feb 28 19:59:36 +0000 2021,1366115858955726848,"@EU_H2020 @EIB @Breakthrough @BloomBiorenewa1 To get to net zero, we need innovation to replace fossil fuels in eve‚Ä¶ https://t.co/8aG267iyDc",True,1.3641665837409485e+18,1379662802.0,HorizonEU,False,13,64,N/A,"['EU_H2020', 'EIB', 'Breakthrough']"
177,Fri Feb 26 22:18:55 +0000 2021,1365426141457125377,We're fortunate to have an Energy Secretary who's focused on creating high-quality jobs to build a clean energy eco‚Ä¶ https://t.co/Ku8h287drp,True,N/A,N/A,N/A,False,349,3957,N/A,N/A
178,Fri Feb 26 16:30:57 +0000 2021,1365338574908891138,Recent extreme weather events are a stark reminder that we‚Äôre already seeing the effects of climate change here at‚Ä¶ https://t.co/bDdzREdRnm,True,N/A,N/A,N/A,False,402,3029,N/A,N/A
179,Thu Feb 25 22:20:01 +0000 2021,1365064031107645441,Thanks @kwelkernbc and @JCCAtlanta for a great conversation about how we can avoid a climate disaster. https://t.co/MJRhbtDCzy,False,N/A,N/A,N/A,False,240,2833,N/A,"['kwelkernbc', 'JCCAtlanta']"
180,Thu Feb 25 01:07:53 +0000 2021,1364743888997548035,"I‚Äôm looking forward to joining @andrewrsorkin to talk about climate change, our foundation‚Äôs work in response to th‚Ä¶ https://t.co/pC2oQD1kSN",True,N/A,N/A,N/A,True,294,2948,N/A,['andrewrsorkin']
181,Wed Feb 24 22:56:51 +0000 2021,1364710914008653824,It‚Äôs encouraging to have @ClimateEnvoy John Kerry representing the U.S. to the world. Now that we've rejoined the P‚Ä¶ https://t.co/KhKbZ4t5bp,True,N/A,N/A,N/A,False,257,2378,N/A,['ClimateEnvoy']
182,Wed Feb 24 19:44:53 +0000 2021,1364662601473429514,There are several ways individuals can help move us closer to a zero-carbon future. Here are a few:‚Ä¶ https://t.co/acU3R0nKts,True,N/A,N/A,N/A,False,584,2971,N/A,N/A
183,Wed Feb 24 15:52:04 +0000 2021,1364604015103778820,Thanks @JudyWoodruff and @NewsHour for having me on the show to talk about climate change and COVID-19 ‚Äì two urgent‚Ä¶ https://t.co/1N6ZA6ytIO,True,N/A,N/A,N/A,False,275,2592,N/A,"['JudyWoodruff', 'NewsHour']"
184,Wed Feb 24 15:48:38 +0000 2021,1364603150133420038,@colbertlateshow @gatesfoundation I always have fun talking to @StephenAtHome. Thanks for inviting me to talk about‚Ä¶ https://t.co/7EiDX6dnak,True,1.3640473327113912e+18,2835886194.0,colbertlateshow,False,33,524,N/A,"['colbertlateshow', 'gatesfoundation', 'StephenAtHome']"
185,Tue Feb 23 22:49:27 +0000 2021,1364346661846343688,"RT @melindagates: I‚Äôm grateful for new commitments from the EU, Germany, Canada, Japan, and the U.S. to help make safe and effective COVID-‚Ä¶",False,N/A,N/A,N/A,False,273,0,N/A,['melindagates']
186,Tue Feb 23 18:20:46 +0000 2021,1364279047937683457,I‚Äôm inspired by @DonCheadle‚Äôs activism and humanitarian work. Thanks to @lawacthevents and @writersblocla for hosti‚Ä¶ https://t.co/KkVdTgTifz,True,N/A,N/A,N/A,False,334,3704,N/A,"['DonCheadle', 'lawacthevents', 'writersblocla']"
187,Sat Feb 20 22:09:10 +0000 2021,1363249360591491075,@smh Thanks @GregCallaghan1 for talking with me about this challenge and why we need to act now.,False,1.3625639123785728e+18,16675569.0,smh,False,7,45,N/A,"['smh', 'GregCallaghan1']"
188,Sat Feb 20 20:19:09 +0000 2021,1363221676557623296,Meaningful action from business leaders will require the courage to take risks that many companies aren't used to t‚Ä¶ https://t.co/kzepBs7kkH,True,N/A,N/A,N/A,True,339,2914,N/A,N/A
189,Sat Feb 20 14:58:29 +0000 2021,1363140977821503492,"Thanks to @andersoncooper, @SeaArtsLectures, and everyone who joined our virtual conversation about climate change.‚Ä¶ https://t.co/EXfBAgOcu4",True,N/A,N/A,N/A,False,273,4056,N/A,"['andersoncooper', 'SeaArtsLectures']"
190,Sat Feb 20 01:41:28 +0000 2021,1362940399745073158,Great to see this important step as the United States resumes our global leadership on climate change. Looking forw‚Ä¶ https://t.co/6GddotWgIN,True,N/A,N/A,N/A,True,565,7274,N/A,N/A
191,Sat Feb 20 00:57:48 +0000 2021,1362929413931687937,Thanks to @streickercenter for hosting the launch of my virtual book tour. It was great to hear so many thoughtful‚Ä¶ https://t.co/CG9grafuNm,True,N/A,N/A,N/A,False,187,2394,N/A,['streickercenter']
192,Fri Feb 19 23:36:11 +0000 2021,1362908871627399168,"RT @washingtonpost: Bill Gates on Climate Change, Covid and Whether He Has Too Much Influence https://t.co/SIE5MGjff5",False,N/A,N/A,N/A,False,285,0,N/A,['washingtonpost']
193,Fri Feb 19 20:18:16 +0000 2021,1362859066079383554,"When I talk to people about climate change, I almost always get asked the same question: What can I do to help? Her‚Ä¶ https://t.co/HhSRSgL3z1",True,N/A,N/A,N/A,False,645,3138,N/A,N/A
194,Thu Feb 18 22:45:13 +0000 2021,1362533658557440001,"Thanks for inviting me on the podcast, @karaswisher. https://t.co/ZYn05LEoVA",False,N/A,N/A,N/A,True,164,2299,N/A,['karaswisher']
195,Thu Feb 18 22:22:05 +0000 2021,1362527835768778756,"RT @TheAtlantic: The Weekly Planet: Lately, Bill Gates has been thinking about what he calls the ‚Äúhard stuff‚Äù of climate change. These hard‚Ä¶",False,N/A,N/A,N/A,False,136,0,N/A,['TheAtlantic']
196,Thu Feb 18 20:27:48 +0000 2021,1362499076189687812,"Thank you, @AlokSharma_RDG. We have a lot of work ahead of us to reach net-zero emissions by 2050 and avoid a clima‚Ä¶ https://t.co/niZelwITas",True,N/A,N/A,N/A,True,173,1510,N/A,['AlokSharma_RDG']
197,Thu Feb 18 18:21:30 +0000 2021,1362467293343571968,"RT @Breakthrough: At Breakthrough Energy, we don‚Äôt just think about how to get to zero. We help make it happen. Working at the intersection‚Ä¶",False,N/A,N/A,N/A,False,93,0,N/A,['Breakthrough']
198,Thu Feb 18 01:00:48 +0000 2021,1362205392743198724,It was great to talk with @alroker about my new book and the solutions we need to fight climate change. https://t.co/0BCOPPhHeC,False,N/A,N/A,N/A,True,205,1961,N/A,['alroker']
199,Thu Feb 18 00:56:30 +0000 2021,1362204308901531649,@CBSEveningNews @NorahODonnell Thank you @NorahODonnell for inviting me to talk about climate change. Solving it wo‚Ä¶ https://t.co/xTSufXGY2j,True,1.3618252002124431e+18,42958829.0,CBSEveningNews,False,4,28,N/A,"['CBSEveningNews', 'NorahODonnell', 'NorahODonnell']"
200,Thu Feb 18 00:18:42 +0000 2021,1362194795867766785,Thanks for another great conversation @Trevornoah! https://t.co/aVkqu4Qvsz,False,N/A,N/A,N/A,True,361,5734,N/A,['Trevornoah']
201,Wed Feb 17 18:37:17 +0000 2021,1362108877173444609,I wrote How to Avoid a Climate Disaster because I see not just the problem of climate change; I also see an opportu‚Ä¶ https://t.co/8fj60Awhfs,True,N/A,N/A,N/A,False,880,4735,N/A,N/A
202,Tue Feb 16 19:25:58 +0000 2021,1361758739624124419,"RT @USATODAY: ""People who think a plan is easy are wrong. People who think a plan is impossible are wrong. It's super hard and very broad,‚Ä¶",False,N/A,N/A,N/A,False,227,0,N/A,['USATODAY']
203,Tue Feb 16 18:18:15 +0000 2021,1361741698888474628,@CliftonLeaf Thanks for inviting me to be a guest editor. We need every business leader and every industry to play‚Ä¶ https://t.co/8MWUdN2a4W,True,1.361721408376746e+18,1405479948.0,CliftonLeaf,False,5,16,N/A,['CliftonLeaf']
204,Tue Feb 16 18:07:28 +0000 2021,1361738984716574720,I had a great time working with @FortuneMagazine on this special digital issue about climate change. The entire bus‚Ä¶ https://t.co/XMziJefyGB,True,N/A,N/A,N/A,True,313,2430,N/A,['FortuneMagazine']
205,Tue Feb 16 13:03:02 +0000 2021,1361662371245166597,"How to Avoid a Climate Disaster is available now. I hope you‚Äôll check out the book, but more importantly, I hope yo‚Ä¶ https://t.co/nczFCnSgXD",True,N/A,N/A,N/A,False,1001,7719,N/A,N/A
206,Mon Feb 15 21:19:37 +0000 2021,1361424953636048898,"RT @WSJMag: In a digital cover story, we talked to @BillGates about his new book, ""How to Avoid a Climate Disaster."" https://t.co/9thx4nORe‚Ä¶",False,N/A,N/A,N/A,False,189,0,N/A,"['WSJMag', 'BillGates']"
207,Mon Feb 15 16:36:53 +0000 2021,1361353802796855297,The world‚Äôs power to invent makes me hopeful about climate change. Breakthrough Energy supports the innovations tha‚Ä¶ https://t.co/o0F9z32BMH,True,N/A,N/A,N/A,False,390,3043,N/A,N/A
208,Mon Feb 15 03:17:24 +0000 2021,1361152602419814404,"To avoid a climate disaster, we need to eliminate emissions from the ways we create electricity, grow food, make th‚Ä¶ https://t.co/NlDdvdAJD3",True,N/A,N/A,N/A,False,2920,16356,N/A,N/A
209,Mon Feb 15 01:24:01 +0000 2021,1361124071379898368,I enjoyed spending time with @andersoncooper recently in Seattle. We talked about why I‚Äôm optimistic that the world‚Ä¶ https://t.co/dGhDHftELG,True,N/A,N/A,N/A,False,502,6039,N/A,['andersoncooper']
210,Tue Feb 09 20:55:34 +0000 2021,1359244572279201792,"I‚Äôm thrilled to join @Trevornoah, @AlokSharma_RDG, @iamrashidajones, @andersoncooper, @DonCheadle, @SavannahGuthrie‚Ä¶ https://t.co/m45moAM0vw",True,N/A,N/A,N/A,False,382,3014,N/A,"['Trevornoah', 'AlokSharma_RDG', 'iamrashidajones', 'andersoncooper', 'DonCheadle', 'SavannahGuthrie']"
211,Thu Feb 04 18:09:59 +0000 2021,1357390964180930565,"RT @melindagates: In 2020, global health went local. 

COVID-19 has shown us that what happens in one part of the world matters to the rest‚Ä¶",False,N/A,N/A,N/A,False,588,0,N/A,['melindagates']
212,Wed Feb 03 19:32:20 +0000 2021,1357049298140057600,RT @codeorg: Only 3% of Black students learn computer science in high school or beyond. Please watch and share this video. Inspire a studen‚Ä¶,False,N/A,N/A,N/A,False,2736,0,N/A,['codeorg']
213,Tue Feb 02 22:11:44 +0000 2021,1356727027869474817,"RT @rajpanjabi: After being sworn in this morning, I'm honored to share that I've been appointed by @POTUS as the President‚Äôs Malaria Coord‚Ä¶",False,N/A,N/A,N/A,False,514,0,N/A,"['rajpanjabi', 'POTUS']"
214,Mon Feb 01 22:52:36 +0000 2021,1356374923078369281,"When it comes to preventing pandemics, scientific tools alone aren‚Äôt enough. We also need new capabilities, includi‚Ä¶ https://t.co/3pXBaC8LAt",True,N/A,N/A,N/A,False,1707,8065,N/A,N/A
215,Thu Jan 28 16:13:37 +0000 2021,1354824962645712899,"COVID-19 has cost lives, sickened millions, and thrust the global economy into a devastating recession. But hope is‚Ä¶ https://t.co/icBlS5ShTD",True,N/A,N/A,N/A,False,466,3699,N/A,N/A
216,Wed Jan 27 15:35:09 +0000 2021,1354452894146154500,"This has been a year unlike any other in our lifetimes. In our new Annual Letter, Melinda and I talk about how we c‚Ä¶ https://t.co/3obA3hYggD",True,N/A,N/A,N/A,False,841,5659,N/A,N/A
217,Mon Jan 25 17:01:59 +0000 2021,1353749971011473408,"RT @melindagates: I believe that women can be the architects of a better world. 

Their stories have instilled in me both a sense of urgenc‚Ä¶",False,N/A,N/A,N/A,False,308,0,N/A,['melindagates']
218,Fri Jan 22 21:38:25 +0000 2021,1352732374568636416,Here are four other ways that America can advance its leadership on climate change this year and put the world on a‚Ä¶ https://t.co/epeV4qJs5M,True,N/A,N/A,N/A,True,440,3602,N/A,N/A
219,Fri Jan 22 17:01:50 +0000 2021,1352662770416664577,"One of the benefits of being 65 is that I‚Äôm eligible for the COVID-19 vaccine. I got my first dose this week, and I‚Ä¶ https://t.co/M1L2gvxOY1",True,N/A,N/A,N/A,False,6603,71031,N/A,N/A
220,Thu Jan 21 19:14:52 +0000 2021,1352333862144077824,It‚Äôs great to see President Biden elevate science leadership to a cabinet-level position. Congratulations‚Ä¶ https://t.co/inhwIep4ro,True,N/A,N/A,N/A,True,560,7211,N/A,N/A
221,Wed Jan 20 22:31:58 +0000 2021,1352021075358482432,"And while COVID-19 will rightfully continue to dominate the agenda, the United States also has the opportunity to l‚Ä¶ https://t.co/u5UKvE9hkC",True,1.3520210745447956e+18,50393960.0,BillGates,False,323,5191,N/A,N/A
222,Wed Jan 20 22:31:58 +0000 2021,1352021074544795653,"The President‚Äôs commitment to reengage with the world gives me hope that the recovery will reach everyone, includin‚Ä¶ https://t.co/Y8yEXnFFGM",True,1.3520210737562542e+18,50393960.0,BillGates,False,278,5125,N/A,N/A
223,Wed Jan 20 22:31:57 +0000 2021,1352021073756254209,"With Americans across the country working together, more people get a COVID-19 vaccine every day, bringing us close‚Ä¶ https://t.co/evxp3BFdns",True,1.3520210729802957e+18,50393960.0,BillGates,False,94,1590,N/A,N/A
224,Wed Jan 20 22:31:57 +0000 2021,1352021072980295680,I look forward to working with President @JoeBiden and Vice President @KamalaHarris to tackle some of our toughest‚Ä¶ https://t.co/TJMwsH9cJn,True,N/A,N/A,N/A,False,1246,19425,N/A,"['JoeBiden', 'KamalaHarris']"
225,Mon Jan 18 19:54:18 +0000 2021,1351256621993738240,"#MLKDay has long been a national day of service. As we celebrate the first without Congressman John Lewis, I'm thin‚Ä¶ https://t.co/wJd8BoRmzz",True,N/A,N/A,N/A,False,523,4377,['MLKDay'],N/A
226,Mon Jan 04 19:59:55 +0000 2021,1346184604827279360,It‚Äôs great to see India‚Äôs leadership in scientific innovation and vaccine manufacturing capability as the world wor‚Ä¶ https://t.co/XR68nmXE3g,True,N/A,N/A,N/A,False,18969,84043,N/A,N/A
227,Tue Dec 29 18:14:44 +0000 2020,1343983807905497089,RT @lastmilehealth: The best emergency system is a strong primary health system‚Äîpowered by community and frontline health workers. Now is t‚Ä¶,False,N/A,N/A,N/A,False,178,0,N/A,['lastmilehealth']
228,Mon Dec 28 13:44:20 +0000 2020,1343553372125728768,What does Rashida Jones have on her shopping list? That‚Äôs just one of the many questions that didn‚Äôt make it into o‚Ä¶ https://t.co/12zZthysds,True,N/A,N/A,N/A,False,275,2635,N/A,N/A
229,Tue Dec 22 18:58:03 +0000 2020,1341457994396024832,2021 will be better than 2020. Here‚Äôs why: https://t.co/mYbpl5wwF1,False,N/A,N/A,N/A,False,1686,9218,N/A,N/A
230,Sat Dec 19 19:02:05 +0000 2020,1340371845992775680,Standing up for science has never been more important. Congratulations to Dr. Anthony Fauci and Dr. Salim Abdool Ka‚Ä¶ https://t.co/Hz9CNhMWJg,True,N/A,N/A,N/A,True,524,5134,N/A,N/A
231,Sat Dec 19 02:48:35 +0000 2020,1340126858013147136,I've known and learned from @RonConway for more than 40 years. I'm glad to see @svangel team up with @bchesky to me‚Ä¶ https://t.co/L501h9Nt6X,True,N/A,N/A,N/A,True,188,2385,N/A,"['RonConway', 'svangel', 'bchesky']"
232,Fri Dec 18 17:04:37 +0000 2020,1339979894332088321,This book has nothing to do with viruses or pandemics. But it is surprisingly relevant for these times. @exlarson p‚Ä¶ https://t.co/MvmKkI0KWV,True,N/A,N/A,N/A,False,340,2959,N/A,['exlarson']
233,Fri Dec 18 01:25:31 +0000 2020,1339743564419371010,"Monoclonal antibodies are one of the most promising treatments we have for COVID-19, thanks in large part to R&amp;D by‚Ä¶ https://t.co/Ju40p3jnYc",True,N/A,N/A,N/A,False,1495,7527,N/A,N/A
234,Thu Dec 17 18:07:58 +0000 2020,1339633452790947841,"RT @AlzData: We‚Äôre looking for new ways to advance #AlzheimersResearch. If you have an idea for tools, models, or algorithms that will expa‚Ä¶",False,N/A,N/A,N/A,False,107,0,['AlzheimersResearch'],['AlzData']
235,Tue Dec 15 20:42:46 +0000 2020,1338947631091892224,"Like many people, I‚Äôve tried to deepen my understanding of systemic racism in recent months. If you‚Äôre interested i‚Ä¶ https://t.co/LNagIsh9Hy",True,N/A,N/A,N/A,False,331,3290,N/A,N/A
236,Mon Dec 14 23:37:07 +0000 2020,1338629121354526721,The season finale of our podcast features two incredible people who are using their positions as artists to change‚Ä¶ https://t.co/QW6EsPpN48,True,N/A,N/A,N/A,False,205,2655,N/A,N/A
237,Sun Dec 13 00:07:19 +0000 2020,1337911945043668993,"RT @MalariaNoMore: Since 2000, the #malaria community has worked together to prevent 1.5 billion cases of #malaria &amp; save 7.6 million lives‚Ä¶",False,N/A,N/A,N/A,False,126,0,"['malaria', 'malaria']",['MalariaNoMore']
238,Fri Dec 11 23:55:52 +0000 2020,1337546673610887169,"Thanks for the great conversation, Carlos. https://t.co/DaCxoadvH1",False,N/A,N/A,N/A,True,113,2161,N/A,N/A
239,Thu Dec 10 18:45:13 +0000 2020,1337106111137079296,"RT @gatesfoundation: We must ensure these innovations reach everyone, not just those who can afford to pay. Our newest commitment to the CO‚Ä¶",False,N/A,N/A,N/A,True,135,0,N/A,['gatesfoundation']
240,Wed Dec 09 19:16:25 +0000 2020,1336751572043194370,Bill Foege and Viktor Zdanov are phenomenal examples of what it means to harness science for global health. A well-‚Ä¶ https://t.co/aAfY5irhja,True,N/A,N/A,N/A,True,144,2102,N/A,N/A
241,Tue Dec 08 17:47:30 +0000 2020,1336366810443042818,Here are five books that I‚Äôd recommend as we wrap up 2020. I hope you find something that helps you‚Äîor the book lov‚Ä¶ https://t.co/gDot5eEwpd,True,N/A,N/A,N/A,False,853,6923,N/A,N/A
242,Mon Dec 07 19:20:34 +0000 2020,1336027841289277441,Are we actually making progress on climate change? Can we really prevent a climate disaster? In this week‚Äôs podcast‚Ä¶ https://t.co/moCs77V9O7,True,N/A,N/A,N/A,False,209,2444,N/A,N/A
243,Sat Dec 05 15:36:18 +0000 2020,1335246628609871873,This new quiz from @Gapminder is a clever way to fight misconceptions and ‚Äúupgrade your worldview‚Äù about the incred‚Ä¶ https://t.co/WaJPw3zemy,True,N/A,N/A,N/A,False,431,2833,N/A,['Gapminder']
244,Fri Dec 04 17:11:11 +0000 2020,1334908118162046976,"Rashida Jones and I talked to Yuval Noah Harari about COVID conspiracy theories, the role social media plays in spr‚Ä¶ https://t.co/309JMVRmUZ",True,N/A,N/A,N/A,False,289,2272,N/A,N/A
245,Thu Dec 03 17:28:43 +0000 2020,1334550143031361536,"I believe we can avoid a climate disaster‚Äîif we deploy the clean-energy tools we have now wisely, and if we make bi‚Ä¶ https://t.co/cVpVwCGBsT",True,1.3345501421044777e+18,50393960.0,BillGates,False,147,1978,N/A,N/A
246,Thu Dec 03 17:28:43 +0000 2020,1334550142104477703,"To reduce duplication, focus the government‚Äôs efforts, and get the most innovation out of every dollar of funding,‚Ä¶ https://t.co/bqI2CXdytX",True,1.3345501411606733e+18,50393960.0,BillGates,False,110,1856,N/A,N/A
247,Thu Dec 03 17:28:43 +0000 2020,1334550141160673280,"We need to revolutionize the world‚Äôs physical economy‚Äîand that will take, among other things, a dramatic infusion o‚Ä¶ https://t.co/IJ63PHKa1p",True,1.3345501401792676e+18,50393960.0,BillGates,False,36,543,N/A,N/A
248,Thu Dec 03 17:28:42 +0000 2020,1334550140179267585,This the most important thing the U.S. can do to lead the world in innovations that will solve climate change. https://t.co/LG9uOnM92r,False,N/A,N/A,N/A,False,407,3642,N/A,N/A
249,Tue Dec 01 18:37:32 +0000 2020,1333842686458036224,I‚Äôm inspired by Quarraisha Abdool Karim and @ProfAbdoolKarim. They are two of the most respected HIV/AIDS researche‚Ä¶ https://t.co/zrvrc5Uws5,True,N/A,N/A,N/A,False,384,3514,N/A,['ProfAbdoolKarim']
250,Tue Dec 01 16:31:03 +0000 2020,1333810854018519042,"RT @melindagates: My parents taught me to leave the world better than I found it. 

So many people across the country believe in giving bac‚Ä¶",False,N/A,N/A,N/A,False,296,0,N/A,['melindagates']
251,Mon Nov 30 19:23:21 +0000 2020,1333491826641158144,I‚Äôm a big fan of author @harari_yuval and was excited to talk to him about why humanity is so willing to believe fa‚Ä¶ https://t.co/S8MHb5PDTJ,True,N/A,N/A,N/A,False,480,4174,N/A,['harari_yuval']
252,Wed Nov 25 18:04:32 +0000 2020,1331660054945153024,"RT @GlobalFund: ‚ÄúI will continue fighting. I will continue supporting other patients. I will never give up.‚Äù

Meet Aftab, a multi-drug resi‚Ä¶",False,N/A,N/A,N/A,False,124,0,N/A,['GlobalFund']
253,Tue Nov 24 18:21:39 +0000 2020,1331301975074344960,"Today is the 25th anniversary of my first book, The Road Ahead. I made a lot of predictions about technology in the‚Ä¶ https://t.co/z99oAvwhyw",True,N/A,N/A,N/A,False,542,6767,N/A,N/A
254,Mon Nov 23 19:41:14 +0000 2020,1330959611868766209,"This week, Rashida and I ask a big question that has never felt more urgent: is inequality inevitable? We spoke wit‚Ä¶ https://t.co/w0rI1CCwnq",True,N/A,N/A,N/A,False,183,2564,N/A,N/A
255,Sun Nov 22 19:31:40 +0000 2020,1330594817269661696,RT @gavi: How can the fight to #endpolio help inform the¬† #COVID19 response? The @unfoundation‚Äôs Elizabeth Thrush looks at how the lessons‚Ä¶,False,N/A,N/A,N/A,False,102,0,"['endpolio', 'COVID19']","['gavi', 'unfoundation']"
256,Fri Nov 20 18:34:27 +0000 2020,1329855643495190528,You can listen to a bonus clip that didn‚Äôt make it into our latest episode here: https://t.co/5diXiKpEnx https://t.co/PZsCSsWx6N,False,1.3284070793467863e+18,50393960.0,BillGates,False,74,1057,N/A,N/A
257,Fri Nov 20 17:18:27 +0000 2020,1329836518735634434,RT @TheDailyShow: Full interview with @BillGates: https://t.co/5WtQxlfTm8,False,N/A,N/A,N/A,False,122,0,N/A,"['TheDailyShow', 'BillGates']"
258,Tue Nov 17 21:22:36 +0000 2020,1328810796172726278,Nearly forty million people have Alzheimer‚Äôs or dementia today. We have no way to stop or even slow the disease at‚Ä¶ https://t.co/MFTfY6PExp,True,N/A,N/A,N/A,False,527,4958,N/A,N/A
259,Mon Nov 16 18:38:22 +0000 2020,1328407079346786306,"In our first podcast episode, Rashida Jones and I talked to Dr. Anthony Fauci about what to expect in the coming mo‚Ä¶ https://t.co/rjDo25g3Pe",True,N/A,N/A,N/A,False,588,5849,N/A,N/A
260,Sun Nov 15 19:03:35 +0000 2020,1328051034128744448,"More than 7 million community health workers serve their neighbors around the world, improving access to primary he‚Ä¶ https://t.co/wPcsq1LYut",True,N/A,N/A,N/A,False,365,4220,N/A,N/A
261,Thu Nov 12 23:18:49 +0000 2020,1327028104938721280,RT @melindagates: No one is safe from COVID-19 until everyone is safe. We started the foundation because we believe every person deserves t‚Ä¶,False,N/A,N/A,N/A,True,535,0,N/A,['melindagates']
262,Thu Nov 12 18:23:07 +0000 2020,1326953686455574529,"Each week, we‚Äôll talk about some of the biggest issues facing our world with special guests including authors, expe‚Ä¶ https://t.co/EkJlm5B4xy",True,1.326953684383621e+18,50393960.0,BillGates,False,123,1780,N/A,N/A
263,Thu Nov 12 18:23:06 +0000 2020,1326953684383621120,I‚Äôm teaming up with Rashida Jones to ask the big questions. Check out our new podcast limited series starting Monda‚Ä¶ https://t.co/pYmfGS3cLm,True,N/A,N/A,N/A,False,312,3153,N/A,N/A
264,Sat Nov 07 18:09:29 +0000 2020,1325138315964682246,I look forward to working with the new administration and leaders on both sides in Congress on getting the surging‚Ä¶ https://t.co/gvzwK8jw1B,True,1.3251383148615803e+18,50393960.0,BillGates,False,1678,32688,N/A,N/A
265,Sat Nov 07 18:09:28 +0000 2020,1325138314861580289,Congratulations to President-Elect Biden and Vice President-Elect Harris. Thank you to the election officials and c‚Ä¶ https://t.co/NJlztq44t7,True,N/A,N/A,N/A,False,3891,62299,N/A,N/A
266,Wed Oct 28 20:07:52 +0000 2020,1321544230007758848,"Here in Washington, we always vote by mail. It's a safe and secure way to shape the future of our country. But rega‚Ä¶ https://t.co/wGSCJYxxY1",True,N/A,N/A,N/A,False,367,4552,N/A,N/A
267,Tue Oct 27 15:53:16 +0000 2020,1321117772357644290,@MohamedBinZayed The UAE is an essential partner in stopping polio in Pakistan. Thank you @MohamedBinZayed for your‚Ä¶ https://t.co/5xQEZ8CpUL,True,1.319873712095662e+18,471010707.0,MohamedBinZayed,False,170,454,N/A,"['MohamedBinZayed', 'MohamedBinZayed']"
268,Fri Oct 23 18:49:51 +0000 2020,1319712659814510592,"For decades, @Rotary has worked tirelessly to #EndPolio. Today, the health infrastructure they‚Äôve built around the‚Ä¶ https://t.co/vYYV7djNsE",True,N/A,N/A,N/A,True,499,3457,['EndPolio'],['Rotary']
269,Tue Oct 20 18:30:42 +0000 2020,1318620676962480129,"RT @StephenCurry30: Even with his busy schedule, Dr. Fauci took the time to sit down with me (AGAIN) and talk about what we‚Äôve gotten right‚Ä¶",False,N/A,N/A,N/A,False,1185,0,N/A,['StephenCurry30']
270,Mon Oct 19 20:48:29 +0000 2020,1318292961398902785,I‚Äôve been working for some time on a book about what we need to do over the next decade to avoid a climate disaster‚Ä¶ https://t.co/UvV6cRjxOW,True,1.3182929606397747e+18,50393960.0,BillGates,False,1052,8964,N/A,N/A
271,Mon Oct 19 20:48:29 +0000 2020,1318292960639774720,"It‚Äôs inspiring to see so much passion these days for dealing with climate change, and to know that the world has se‚Ä¶ https://t.co/9F4HMYnG3m",True,N/A,N/A,N/A,False,692,7397,N/A,N/A
272,Mon Oct 19 18:09:52 +0000 2020,1318253044937617410,India‚Äôs research and manufacturing capacity are critical for fighting COVID-19. Thank you @narendramodi for speakin‚Ä¶ https://t.co/6tXltL7gAr,True,N/A,N/A,N/A,True,1516,11086,N/A,['narendramodi']
273,Fri Oct 16 20:03:27 +0000 2020,1317194467007287297,Europe has an opportunity to get its economy back on track in a way that creates good jobs and reinforces its globa‚Ä¶ https://t.co/lWhwWXDbR2,True,N/A,N/A,N/A,False,655,3834,N/A,N/A
274,Fri Oct 16 15:44:28 +0000 2020,1317129291151273989,"The COVID-19 pandemic has set back efforts to end poverty, hunger, and malnutrition. Investing in @CGIAR will speed‚Ä¶ https://t.co/hptIDi9uGC",True,N/A,N/A,N/A,False,675,3850,N/A,['CGIAR']
275,Tue Oct 13 20:14:14 +0000 2020,1316110014508007424,.@StephenCurry30‚Äôs work in the community is as inspiring as his amazing record on the basketball court. I really ap‚Ä¶ https://t.co/88z3R8zJcO,True,N/A,N/A,N/A,True,623,5233,N/A,['StephenCurry30']
276,Mon Oct 12 04:23:07 +0000 2020,1315508269457186816,Dr. Tunji Funsho‚Äôs work with @Rotary was essential in stopping wild polio in Africa and will help create a polio-fr‚Ä¶ https://t.co/tK7JInphtM,True,N/A,N/A,N/A,True,530,4460,N/A,['Rotary']
277,Fri Oct 09 16:21:12 +0000 2020,1314601821374087168,"This honor is well deserved. COVID-19 is not just a health crisis‚Äîit is also now a food crisis, and @WFP is there t‚Ä¶ https://t.co/17KZ94c44u",True,N/A,N/A,N/A,False,713,4962,N/A,['WFP']
278,Wed Oct 07 14:51:57 +0000 2020,1313854584700379137,"For the last 25 years, Dr. Firdausi Qadri, an immunologist and infectious disease researcher in Bangladesh, has bee‚Ä¶ https://t.co/s0OJIXc0rg",True,N/A,N/A,N/A,False,562,4646,N/A,N/A
279,Thu Oct 01 17:43:42 +0000 2020,1311723478886694913,I‚Äôm excited to see this kind of innovation. Detecting and predicting outbreaks earlier is critical to preventing ep‚Ä¶ https://t.co/cxkQeKAATG,True,N/A,N/A,N/A,False,867,5278,N/A,N/A
280,Wed Sep 30 18:30:48 +0000 2020,1311372943604068352,The only way to eliminate the threat of COVID-19 somewhere is to eliminate it everywhere. By making sure poor count‚Ä¶ https://t.co/Q3OcJVBEfK,True,1.3106420014323835e+18,50393960.0,BillGates,False,438,2842,N/A,N/A
281,Tue Sep 29 22:56:42 +0000 2020,1311077469831622656,Understanding this concept can help us measure our progress toward eliminating carbon emissions and serve as a guid‚Ä¶ https://t.co/jLEgEEqwRk,True,N/A,N/A,N/A,False,361,2855,N/A,N/A
282,Mon Sep 28 18:06:18 +0000 2020,1310642001432383489,Developing and manufacturing vaccines won‚Äôt end the pandemic quickly unless we also deliver them equitably. Here is‚Ä¶ https://t.co/HsEwAdilhO,True,N/A,N/A,N/A,False,1189,6773,N/A,N/A
283,Sat Sep 26 17:08:12 +0000 2020,1309902604755849216,Great to see the UK commit vital funding to ensure COVID-19 vaccines are available for the world‚Äôs poorest people.‚Ä¶ https://t.co/GxJeVtw0hN,True,N/A,N/A,N/A,False,825,5527,N/A,N/A
284,Fri Sep 25 17:07:05 +0000 2020,1309539934441619456,"RT @gatesfoundation: What do COVID-19 and malaria have to do with each other?  

When COVID-19 struck, it disrupted the entire global healt‚Ä¶",False,N/A,N/A,N/A,False,325,0,N/A,['gatesfoundation']
285,Thu Sep 24 20:28:04 +0000 2020,1309228127726395392,"After 20 years of stunning advances toward global goals to improve health and reduce poverty, the COVID-19 pandemic‚Ä¶ https://t.co/VMWuXK8bXL",True,N/A,N/A,N/A,False,392,2723,N/A,N/A
286,Thu Sep 24 15:06:19 +0000 2020,1309147157040111616,"To prevent the worst effects of climate change, we need innovation across all sectors‚Äîespecially in the hardest to‚Ä¶ https://t.co/eop0Xg5jjz",True,N/A,N/A,N/A,True,462,2900,N/A,N/A
287,Wed Sep 23 21:05:51 +0000 2020,1308875248314601473,Dr. John Nkengasong is a true Goalkeeper. His leadership will help ensure Africa has the tools it needs to fight CO‚Ä¶ https://t.co/uVlSrcO81A,True,N/A,N/A,N/A,False,269,1994,N/A,N/A
288,Sat Sep 19 01:03:55 +0000 2020,1307123218717777920,"Justice Ginsburg was a trailblazer who devoted her entire career to fighting for equal justice for women, because s‚Ä¶ https://t.co/R8orT60oYR",True,N/A,N/A,N/A,False,1476,12388,N/A,N/A
289,Tue Sep 15 22:13:13 +0000 2020,1305993098682445824,"My dad was the ‚Äúreal‚Äù Bill Gates. He was everything I try to be and I will miss him every day.

https://t.co/OnAEsmosNb",False,N/A,N/A,N/A,False,5617,68105,N/A,N/A
290,Sat Sep 12 16:21:39 +0000 2020,1304817461687017478,Thank you to the heroes everywhere working to keep us safe. I hope their stories inspire you just as much as they h‚Ä¶ https://t.co/9s9ZlVLVfx,True,N/A,N/A,N/A,False,796,6110,N/A,N/A
291,Thu Sep 10 14:55:41 +0000 2020,1304071051178061826,These heroes represent the best of who we can be. Their efforts to solve the world‚Äôs challenges demonstrate our val‚Ä¶ https://t.co/jSw8GodVDt,True,N/A,N/A,N/A,False,586,4464,N/A,N/A
292,Fri Sep 04 18:43:08 +0000 2020,1301953962015293440,"RT @OurWorldInData: Some countries responded successfully to the pandemic ‚Äì and more broadly, some are much more successful in protecting t‚Ä¶",False,N/A,N/A,N/A,False,315,0,N/A,['OurWorldInData']
293,Thu Sep 03 19:33:34 +0000 2020,1301604266738507777,Clinical trials are critical to helping researchers better understand Alzheimer's. Improving how we identify and en‚Ä¶ https://t.co/mFHVL5f2bL,True,N/A,N/A,N/A,False,388,3169,N/A,N/A
294,Tue Sep 01 21:00:17 +0000 2020,1300901312393932801,I tackle every big new problem by asking two questions: Who has dealt with this problem well? And what can we learn‚Ä¶ https://t.co/ilTwmtaDo9,True,N/A,N/A,N/A,False,642,4256,N/A,N/A
295,Sun Aug 30 16:37:55 +0000 2020,1300110510738698241,"Of all the things I‚Äôve learned from Warren Buffett (and there have been a lot), the most important might be what fr‚Ä¶ https://t.co/EAZqaJvTXM",True,1.3001105094552822e+18,50393960.0,BillGates,False,2140,17656,N/A,N/A
296,Sun Aug 30 16:37:54 +0000 2020,1300110509455282176,"Happy 90th birthday, Warren! https://t.co/8nH2EulTR4",False,N/A,N/A,N/A,False,19817,132279,N/A,N/A
297,Fri Aug 28 22:30:00 +0000 2020,1299474339041931264,".@AbeShinzo, thank you for making the world a healthier and more equitable place. Your understanding of how we can‚Ä¶ https://t.co/l8siKS3IbS",True,N/A,N/A,N/A,False,1965,9119,N/A,['AbeShinzo']
298,Thu Aug 27 22:24:52 +0000 2020,1299110661419532288,"RT @UN: 6 months ago, Africa confirmed its first case of #COVID19. Since then, there have been 1 million cases, affecting every country on‚Ä¶",False,N/A,N/A,N/A,False,331,0,['COVID19'],['UN']
299,Wed Aug 26 15:11:24 +0000 2020,1298639188904931330,"If we‚Äôre going to address climate change, we need to find new ways to do things that don‚Äôt release greenhouse gases‚Ä¶ https://t.co/BR0LArA407",True,N/A,N/A,N/A,False,741,4927,N/A,N/A
